{
  "macro_f1": 0.26587269745095937,
  "qwk": 0.00383754631837685,
  "confusion_matrix": [
    [
      740,
      707,
      674
    ],
    [
      217,
      214,
      213
    ],
    [
      32,
      32,
      27
    ]
  ],
  "classification_report": {
    "NH": {
      "precision": 0.7482305358948432,
      "recall": 0.3488920320603489,
      "f1-score": 0.4758842443729904,
      "support": 2121.0
    },
    "NM": {
      "precision": 0.22455403987408185,
      "recall": 0.33229813664596275,
      "f1-score": 0.2680025046963056,
      "support": 644.0
    },
    "NL": {
      "precision": 0.02954048140043764,
      "recall": 0.2967032967032967,
      "f1-score": 0.05373134328358209,
      "support": 91.0
    },
    "accuracy": 0.3434873949579832,
    "macro avg": {
      "precision": 0.3341083523897876,
      "recall": 0.3259644884698694,
      "f1-score": 0.26587269745095937,
      "support": 2856.0
    },
    "weighted avg": {
      "precision": 0.6072471821146047,
      "recall": 0.3434873949579832,
      "f1-score": 0.41555799985235964,
      "support": 2856.0
    }
  }
}